ID,昵称,简介
1893771217,凤悦酒店顺德潮哥美食,中国烹饪大师、粤菜烹饪大师、顺德名厨技术交流sdcg_bgy
2798601401,老倔头美食分享,支持抖音平台正能量！感谢朋友的支持和陪伴。
353498178,美食美刻,每天分享美食教程喜欢就加关注吧，所有调料厨具基本在楼上，合作胃z2004828
898879350,美食米阿米,四川方言：农村户外“办锅锅要”谢谢关注，开胃节目了解一下  感谢朋友们的支持粉丝v:fanxi-777
58280564,小雪宝儿baby爱美食,某博同名
2328056389,解忧美食,享受美食带来的快乐
3091195386,一姐美食,每天更新简单易学的家常菜持续提供价廉物美的厨房用品和日用百货粉丝厨艺交流Ⅴ：13480990631欢迎优质商家冲量合作
2224832030,美日美食,唯老婆和美食不可辜负！商\/ geyan00000000
1080116112,美食真好,
81653923,黔方美食,一店一味，一味一故事，一故事一人物。黔方美食，黔方人物，黔方故事。
20842486,大胃王朵一,hello我的小花朵你来啦？今天我也是元气满满的吃货朵一哦！wx合作:yswhsw6
82783309,吃饭啦-光小强,没公司的野生美食达人一枚。伙伴们有事找我加微信：452133811  备注来意
277460829,何大厨,注册中国烹饪大师、北京市劳动模范、中x厨师艺术家、中x烹任教育成就奖、世界中x业联合会名厨委委员；中央电视台厨艺顾问、各大卫视美食节目特邀嘉宾、北京电视台厨艺顾问，《上菜》栏目《味道学院》院长*购买炒锅、菜刀等厨具请淘宝店铺搜索何氏味道*每周六晚8：00直播商业合作请加v：HESHIWEIDAO粉丝可以加：HSWD107HDC 一起讨论
73047678,天台食堂,想吃什么我给你做
